,PC1,PC2,PC3,PC4,PC5,PC6,PC7,PC8,PC9,PC10,PC11,PC12,PC13,PC14,PC15,PC16,PC17,PC18,PC19,PC20,PC21,PC22,PC23,PC24,PC25,PC26,PC27
diet_animal_fat_spread_lower_fat_24h,-0.01882311154109502,0.017147770527129257,-0.0023227073958366983,0.05354444369651241,0.06284794751483762,-0.044997117379007384,0.0394968711141784,0.06983338688886283,-0.047410034865881995,0.008372346549027564,0.11448252196924677,0.02707200432456152,0.01575101266973551,0.10644285848370369,-0.05698726969381195,-0.1126758550883163,-0.05448031200209276,0.025729928524141278,0.03223807892147633,0.055039627146608205,0.002210308803194438,-0.06185750399664275,0.21896898772316709,0.10964416994986079,0.018702849884184265,-0.1841351585646922,0.11968868704141991
diet_animal_fat_spread_normal_24h,-0.04207887547173256,0.23685513131547176,0.12967014148958358,0.021422325971688694,-0.11920352733208245,0.2687263199127191,-0.10140580046681814,-0.1717547265746631,-0.0969121368493944,-0.1373083175316611,-0.05523538422379501,0.02844834753587256,0.08908391936011636,0.07958001370192147,-0.019668066183739966,-0.013602285485140558,-0.32325100796164713,0.17186402448876442,0.046768556125592844,-0.048085156622535444,0.012410017508117419,-0.030835118986984537,-0.15831463479744978,0.059022822560239704,-0.0588217719154892,-0.032661508128564734,0.01406979669112994
diet_added_sugars_and_preserves_24h,-0.04577826057419554,0.21701800040591226,0.03168947094783791,0.2310164148996782,-0.02543052656515124,0.08154656714615888,0.19972726720574036,-0.054984702277799016,0.10042051378900364,-0.12708479441434853,-0.11457278379182592,0.0044773814309951344,-0.020580797542809344,0.022461850301092268,0.18701005144466248,0.04117845749014182,0.1014274716860512,0.13594602883975962,-0.05809174188262389,0.034398811439909346,0.09624479971303604,-0.0027458352198268636,-0.020092482887847644,-0.02172650526363131,-0.08424409600128252,0.07727654272293015,0.04462571176638962
diet_allium_vegetables_24h,0.3128422277576087,0.13414945164650466,-0.04024304324127239,-0.13110162133229963,-0.009462766955897317,0.04650306552533291,0.19654552676772197,-0.07456691622382104,0.03373395742328413,-0.045994478840579105,0.11286848008620229,-0.10145154991010397,0.08493676013944787,0.005498983042287436,-0.06932874028675295,0.014992732609993106,0.018485271587194436,0.03316324445132893,-0.050123099629616266,0.10838087850129129,0.02864125269085661,0.04571299787830959,0.03911513164305197,-0.055123665554442196,-0.03954432289698347,-0.04999734608787025,-0.06828871763187713
diet_beef_24h,-0.018014729339968644,0.13254737189482457,0.006699993899393231,-0.05818744198120013,0.027341126940887195,-0.02685167789826856,0.04441575693698721,-0.13935616341990342,0.10737146058054226,-0.14970408223784365,0.37893776613070684,0.03210254565715877,-0.1851487772102536,-0.13402610226984496,-0.05040344681330401,-0.050654209894897155,0.059024352776259725,-0.1682245971576638,-0.09492849738264836,-0.035608110730931036,-0.06799922789255072,-0.19600609021267673,0.020661169852827427,-0.012036156032233528,0.14771500817929004,0.0851964634017874,0.060894892693429424
diet_beer_and_cider_24h,-0.032589305273547226,0.07029128453309075,-0.022486762745171737,-0.13774027826173615,0.003001811288735154,-0.06845201251091422,0.04859893625018358,-0.10651972734456056,-0.11305061056843405,0.0609552258749383,0.09185939485158609,-0.04342659612122736,-0.01422583714161801,0.018399617226327214,0.024775872725020548,-0.020649907205971887,0.04244314141846904,0.06390724410627943,0.003758625389001659,0.04096362595991325,-0.07478833021815597,0.07031017925111574,-0.16549496412152573,0.2832887094040846,0.07640163018518853,0.3575365972927851,0.13364095649451918
diet_biscuits_24h,-0.04408125644599417,0.15960024687343266,-0.0007697097615291977,0.16035372943952259,0.12079724322910818,-0.0033645226309542697,0.007559331523527821,-0.03641312140944232,0.036449434793448386,0.01276869174346115,-0.06539713465645858,-0.05948716564793342,0.1160555275898235,0.07423552038768394,0.05377156424485173,0.03294630421228416,-0.06947844586361127,0.01921435898350394,0.00371190226276814,0.15952206035244085,0.007737040439934644,-0.009590441780603788,-0.19868971818413472,-0.11643218462025551,0.09196786533878128,-0.06120640157614869,-0.0719257709812752
diet_breaded_battered_chicken_24h,-0.040669677469113125,0.02507815548313133,-0.01563914120013106,0.027678348259670082,-0.06072473231514064,-0.008101553966590458,0.07135092552238623,-0.015338367504292336,-0.0950661602604813,0.03492361863442542,-0.010168616058156443,-0.044078096592953746,0.04467133638122539,-0.08194735770019644,0.033383569594861134,-0.07064530561140636,0.11959013764640167,0.03890657045074649,0.11596074592250555,-0.006286329336687033,0.1386069208193466,0.08460968511765128,-0.13647145706774355,-0.014316054594411456,-0.10661306429415296,-0.040316689848835054,0.17348126560303667
diet_breaded_battered_fish_24h,-0.05846524377857378,0.03072004472533193,-0.06751021636866668,0.023140910886319588,-0.01807345214964967,0.060652092997241294,-0.15425241725482133,-0.07595278127788402,-0.1939909597133862,0.2596561204271978,-0.041775693671175895,0.17439758161732893,-0.05268024910803898,-0.12115325907051232,0.17991147644457572,0.24112306515253024,-0.03491161574816035,-0.1084215172489449,-0.09598591830738824,0.1312818690473161,0.09477278984861998,0.07260262605977287,0.0558209789142724,-0.0434094673577248,0.04269379555064874,-0.05512721331885585,0.008896950895198985
diet_mixed_bread_50_50_brown_and_seeded_24h,0.020792540580586077,0.05686646314750336,0.0813336808929544,0.06346513560197986,0.017360456986467092,0.058980506757251666,-0.2125529424548771,0.010071821789459867,-0.040899205101738556,0.06960406943050239,0.05863486841489991,0.14384559152901574,0.28716667335844737,0.33452519874900155,0.011737605239923246,-0.300238808091368,0.2757554578009971,0.25591422137120284,-0.061152074908366244,0.07864971600457223,-0.0788729968850535,-0.08160519501703534,-0.03505766726999998,-0.11176796701921818,-0.009951178348520339,-0.012731333664945263,0.023097160560070107
diet_other_bread_24h,0.027527642947668147,-0.019292648113831308,0.06460524023733977,0.08845364736671907,-0.033331816186624647,0.021713934955652964,0.1928446995582798,0.09310367527449515,0.09138437520371316,0.16464249304893327,-0.05784647750077282,-0.04465346689671811,0.2537623191597352,-0.0614217737404652,-0.05905620204673739,0.05311995550270607,-0.16155244354130596,0.019677094376582566,0.1689960333737329,-0.10098065424787207,-0.004837470711703547,0.052025853517054285,-0.015454329704984789,-0.18297726107383663,0.027232910943087905,0.2245231720286506,0.04468189516914162
diet_white_bread_24h,-0.11580212913918157,0.2442550283353539,0.043433149580440644,0.006135124599855726,0.0001827351350084383,-0.01634713309775984,0.2299470332620302,-0.03741483498898118,-0.2317514242914636,-0.020724005873455915,-0.007915626289142164,-0.17413028321815804,-0.22948216849816483,0.1378333591804312,0.16163475458669666,-0.0016130343001026087,-0.16853152864973775,-0.1355686467557068,0.06717340311840482,-0.0865611556468872,-0.15018516120664346,0.12934760392353048,0.06562995789480697,0.07586558633057223,-0.092253934204457,0.06003178147124351,0.0476551122506592
diet_wholemeal_bread_24h,0.06733504774543325,-0.04114903985540574,-0.004645738672750199,0.09036960389327986,0.272133720827467,-0.03131409984220618,-0.12056639024187135,-0.18371659100881246,0.1712773419875341,-0.07588479539767788,-0.21268022737240228,-0.03923859095770763,-0.14875715333272183,-0.2401781149770818,-0.24194508221846361,0.31835642296185634,0.012663257062800581,0.12355794173072823,0.03569389957224467,-0.028828492573286922,0.15032996401994092,0.05170223743863575,-0.08572024850400317,0.07983796313436359,0.045896236832541105,-0.03809788293195996,-0.08900691040012124
diet_biscuit_cereal_24h,-0.024394704257702415,0.04619404684711788,-0.08659759787083854,0.05591837980890638,0.14797420561842725,0.012094685695941243,0.030033571648269614,0.09347263971647013,-0.016067296489699973,-0.04793586354327853,-0.0132826303139571,-0.023952345305449055,0.030819398292867745,-0.1198056094214858,0.10208328208935505,0.12046331377494512,-0.10978038699223056,0.08064135065513386,-0.11640032703006874,0.07882726742687837,-0.036635562657089504,-0.20608824660581246,0.32590314901897643,0.18118902031616269,-0.14886523880485078,0.03950447221069221,0.19166373591434313
diet_bran_cereal_24h,0.016212330257794883,-0.05436310317606484,-0.056432980999243765,-0.01008877629502164,0.14297563617770265,-0.04637719031146481,-0.10052429803483427,-0.02984572613631767,-0.030501703446831924,0.03912647634649072,0.05374408695634872,0.038709542189566196,0.08933931678780133,-0.039988901326813237,-0.05449999810798474,0.04624274400732194,-0.022687842549807796,0.21117190658402862,-0.12796122801485044,0.04162218750805648,-0.12675664965454914,0.10607109319360362,-0.026152220075233573,-0.11029756253893527,-0.036303825906741145,0.09465913943067886,-0.14610093989812634
diet_oat_cereal_non_sugar_24h,0.05323476079328797,-0.08211913328322779,-0.06322506214990677,0.10133793454392342,-0.04857375848094497,0.06411491410660389,0.1259778961071018,-0.17437922584850513,0.16055678776434373,-0.013516482565226622,-0.16424174324935673,0.11403400307430256,-0.10871615725258015,0.07287204447794379,0.20186414904395988,-0.10091407785998453,0.13032847980302564,-0.10391466833404416,0.29429213763989875,0.1881007203157056,0.22862503390794847,-0.1964343823647261,-0.030067742888165744,-0.05596088372473096,-0.07008926902355053,0.11555830628652675,-0.16803139603833445
diet_oat_cereal_sugar_24h,0.0012046833007369943,0.016270050513392708,0.011394957281544188,0.03122795675125517,0.0649690732110349,0.00959462164741584,-0.06542111282389645,0.07205388351072967,0.03521623447257821,0.024516388053369448,0.028811400302501344,0.0073820096761971835,-0.01587229546049567,-0.04790087095231589,-0.07771776878034506,-0.1018180306449093,0.01749951761139759,-0.058048443357641324,-0.04406817577695696,-0.03109591767293539,0.11364921532665749,0.011557874546327063,0.0217727202286932,0.11032840258189028,0.3164105340973459,-0.05567685150030656,0.06681317829025858
diet_other_cereal_sugar_24h,-0.04630501392806534,0.04450201882028933,-0.05800057036120141,0.04193205237805003,-0.029721822670124576,-0.009275201241678688,0.10437574898390493,0.14900941804738477,-0.12782814638769507,0.07210911854783819,0.07970249456268769,0.0017074681294107366,-0.031213498784294462,0.049088785852195324,0.09649150552756418,-0.19640772586262956,-0.0023147397239661194,-0.12515936307037726,-0.10841858397821691,-0.2542318509675392,-0.025268933298441,0.16568812631432972,-0.23875917538825098,-0.19171470708913696,0.23541094429548778,-0.11647585393721675,-0.1468359506457224
diet_chocolate_confectionery_24h,-0.02711604005111188,0.12106540814047437,0.013525329075090364,0.18938236219437188,0.009677667516417937,-0.05484118030365448,-0.011277540418971145,0.037109361569903715,-0.027724857131587385,0.05089380163272922,-0.0069058314683778654,-0.12670389654915187,0.014712441641096377,0.013832883305580856,0.017731685735943428,0.09798084274599761,-0.19252840206661703,-0.06216329003479656,0.02404667392195088,0.21197423249437689,-0.0661692883474188,-0.12505965887057136,0.07749695274429358,0.07864729262782452,0.13814452218699677,-0.14989830017293446,-0.131939464343651
diet_coffee_caffeinated_24h,-0.01698388196587997,0.078584562502082,0.12894530073718394,-0.15651769260433912,-0.028971724661607245,-0.07830481953516943,-0.09783259593891534,-0.06249736905829073,-0.18975654088548477,-0.16931131970530824,-0.010849924099489539,-0.25393333313640615,0.11222096234927298,-0.21706992620425433,0.2686814530663786,0.14343472992318035,0.2658912550275251,0.22876325478537923,0.05437782319217696,-0.10131607477670279,-0.12539458701826214,-0.22521808153291667,-0.05993215430568981,-0.06366390467173291,0.026403788988916793,-0.05481583434008099,-0.16029327674849844
diet_coffee_decaffeinated_24h,0.010717372326291682,-0.0264998168330521,-0.1028603380737942,0.14087254746502367,0.031610745632436085,-0.14702761696221137,-0.06327947966717423,0.07729835512072053,0.14725642578123832,0.07107748401045966,0.17449976794525376,-0.057354740924324854,-0.13780108423485204,0.2960272021799859,-0.0860820573880349,0.05867651480011357,-0.1600527642472938,0.06419497257673407,-0.021176649055819993,0.16106274869674095,0.05764745644337096,0.07161943000358993,-0.08244344438968321,-0.05053513034988512,-0.03521974823902456,0.030074920796579585,0.15819921507025558
diet_savoury_crackers_24h,0.09644791501318999,-0.013149658300663718,0.13481101461659337,0.1035407941598593,0.020028116745966787,-0.08349871516749802,-0.10720719988359578,-0.03497930993157171,-0.0248190954796053,-0.09368415543118949,-0.08386701450342048,-0.17863380308335136,0.10560702558783258,-0.08282291660174929,0.14968892002299902,-0.17618572585352701,-0.07949714217354151,-0.14706699896829029,-0.05919115126021363,0.08228561057145213,0.08191527345581986,0.16284961724831265,0.1136505120107203,0.01363258639599696,0.06302784794589911,-0.11178260285602155,0.12593402186138947
diet_milk_dairy_desserts_24h,-0.014176829378352495,0.11749133230220449,-0.056863436325821935,0.06647051684058375,-0.10066456620774195,-0.10362305127580208,0.012800330613039979,0.14755673436529135,0.04919698343748685,0.04420745003204926,0.012680951561797514,0.07764654246448083,-0.02602061282977422,-0.03396280865354634,-0.09360044751336534,0.14761242393753785,-0.029291741860457424,-0.10238975703214326,0.09036833765916928,-0.08860712384062638,-0.14612824066206026,-0.10673435955852703,-0.09469742875414178,-0.045656939996595154,-0.17595837485167404,-0.0715082890687831,-0.05602103035135195
diet_other_desserts_and_cakes_and_pastries_24h,-0.021424341558516653,0.1489775562429801,0.03714711066731882,0.1990101371791621,-0.061780857418468275,-0.04030114773413146,-0.040045044517883266,0.08777486553083891,0.09158594632198536,0.04755030344712041,-0.07884924040547642,0.06806313327038266,-0.0782362672809837,-0.034895448323672695,-0.06671419361517053,0.07646315076869807,-0.030155191538418544,-0.037696478597252156,0.06076474796311814,-0.09012469483772459,-0.15322914630639925,-0.1060463196901511,0.028722980816441437,-0.08988340753093346,0.012220113816629156,-0.01838334901114687,-0.05742261966400102
diet_soy_desserts_and_yogurt_24h,0.0357334330253577,0.018684347767934224,0.035624654371357964,0.14731577006403082,-0.02286121405125266,-0.03978856967509401,5.974454349061409e-05,-0.04310928692837407,0.016945564923998735,0.12060879424055268,0.006799751254735503,-0.09458363029978076,-0.1195509459068005,-0.055593978369304076,0.02676050407804087,0.051971734827891365,-0.09462468964635622,0.12606319097556173,-0.08865216738171085,-0.11824571469793649,-0.058973053623328595,-0.03498747734059658,-0.07728842172686956,-0.036225638141975276,-0.22972267361623103,0.06368219496522962,-0.18641455814767138
diet_milk_based_and_powdered_drinks_24h,0.04581327133776489,-0.025435790817905334,-0.001311644694313539,0.31931834297719536,-0.09296086981327889,0.03388975817405835,0.10110688224105643,0.12953826190419082,-0.1181593980816347,-0.14077140877807495,0.0993194235315861,0.05852620738726022,-0.008356094392066929,-0.14893398329373778,-0.0351203272921897,-0.017852024689362492,0.06389361017547138,0.028528882428384292,-0.11388693796764573,-0.04764868008331674,0.06446035281821853,0.0763740199946817,0.11801721846532523,0.07343841909287446,-0.11203098192745503,0.11517961996928769,0.006303483223041723
diet_egg_and_egg_dishes_24h,0.02703873749044324,0.0677813149172267,0.030595201538478847,0.04091427711317528,-0.007287914593179674,0.021251391981504067,0.045902931452987544,-0.07793888827191575,-0.17455320520100245,0.04397061071632995,-0.04344282592537929,0.07067595963846085,-0.12496124862718479,0.03928601647973781,-0.22421937902671019,-0.03477064103213845,0.07794108664230893,0.27345827692120817,0.21228744277205103,-0.13803177675746536,0.13210771985955813,0.10530879928933448,0.0907439420851606,0.05241595765558381,0.00441565305654971,-0.10034728583210169,0.07608584159719803
diet_apples_and_pears_24h,0.1471181918446966,-0.16218543174216063,-0.04743483038499812,0.10524788719507021,0.1338236119329636,0.056519402129627666,-0.12440794984027168,-0.08947427014953885,-0.01869968189882154,-0.14507505860834072,0.05608444778256131,-0.032067534985222135,0.024791774359341087,0.044036795624464,0.12870933968703113,-0.006654805540196887,-0.062423443896132566,-0.055932544664101524,0.13600048957008212,-0.02684958983925967,-0.09746911419079961,0.049610538428208645,-0.06339306596112364,-0.09928872327470188,0.029544718616884378,0.036445022852351155,-0.05466342940286141
diet_berries_24h,0.14129823761515634,-0.029882053412271133,0.07733374725197453,-0.02285922918539015,-0.02772305910831705,0.005384773317649131,0.005249336123479109,0.14062339760390685,-0.1496774360718699,0.05263735999454257,-0.1091453227697575,0.10868321471716927,-0.12445255687662243,-0.0017196388641234905,0.023339395499335204,-0.0537461827926771,-0.040391651425123354,-0.08074260401468998,0.015356056401962331,-0.1450774800656163,-0.0074643474364769116,-0.1306400419855377,0.05012946517437704,0.08836952100967843,0.05225149090409148,-0.01860326023992845,-0.014347977143821446
diet_citrus_24h,0.12578167285687686,-0.08362571863459864,-0.022914313525159966,0.08962821220383435,0.0727891037894868,0.06621335820603656,-0.057870592763945516,-0.01962211922135329,-0.04105143415643203,-0.16852160162531685,0.036646994655656864,0.021706944619480667,-0.007858394561064783,-0.040891049194163614,0.024077053339368,0.08441109415503617,-0.04248243329225085,-0.08835111870301773,0.1807410200672182,-0.012107768993580906,-0.13157917001173874,0.14323704346072275,-0.04423677420268517,-0.07721794823829639,0.08502422128781684,0.01981923783587408,-0.02525645225074241
diet_dried_fruit_24h,0.1419409216333178,-0.04396703119004188,0.020205264089697857,0.11831357978206143,-0.007791127543890361,0.09976465621871093,-0.17928949042579106,-0.09937430984624278,-0.012735126646146872,0.057673243728809255,0.09352428660842273,0.1592310542925539,0.005506927115903143,0.06488707709099202,0.06362547736884548,0.09991524498776044,0.05265444623165811,-0.12644108051924993,0.122970991452734,-0.014525277701497419,-0.13927138787124604,-0.02117103209328791,-0.0034958143825621762,0.10899034965102629,-0.05108424772597006,0.06036966774510391,1.9647658423410652e-05
diet_other_fruit_24h,0.21286385617767076,-0.09748097909672918,-0.01105405595194965,0.15534159197005204,0.05464514920595821,0.08455259649879045,-0.010976859753605819,0.0852885726688214,-0.130166253357603,0.001173270139281396,0.04788028669931816,0.1147433137505307,0.01409507345639216,0.00792260096673196,0.09600178267166072,0.022362490764006607,-0.0036501124007970176,-0.04285976354478131,0.15095435085216938,-0.1112984304488285,-0.0985479209742382,-0.0025643146836313996,0.01700307737859838,0.018971663561472132,0.023804547975299,-0.013250901644833786,-0.041875692194856116
diet_stewed_fruit_24h,0.0994039492384593,0.027813719626170685,-0.038873791292801184,0.01759689204201216,-0.0018501073857895125,0.012062903211778067,-0.04496544094455487,-0.048006188362863966,0.056555288303866136,-0.03954014974444314,0.04165159517940462,0.12543761656571722,-0.028607401337736243,-0.0052608238357835235,0.10767757079364511,0.11785360862731037,-0.010492719077635992,0.015618855395983719,0.1708984630066368,-0.12213314153048152,-0.11818912191554175,-0.12875371460100388,-0.07187672166681283,-0.13452607264918048,0.09805944536734078,0.03652783593229758,0.07302346200448082
diet_fruit_juice_24h,0.07973045224587691,-0.00919412962070839,0.0734442778827073,0.20887581336440908,-0.11613394549391323,0.0891450700459418,-0.05377538504816756,0.15792445019388665,-0.0891334511466298,-0.1093291002509291,0.07698945993718279,0.05844874273512972,-0.017552634486982105,-0.06790022533730275,-0.13593957685339395,0.027804266159669,0.22956235393350694,0.023392638090241752,-0.08733369377026287,0.0008421087239960379,0.03508183129740637,0.11460437557853351,0.09128421601627301,-0.12176681845349024,-0.01846398974921959,-0.011598934715014386,-0.060541861552329726
diet_full_fat_yogurt_24h,0.04598307979585679,0.030378024327708798,0.10334931738569197,0.08369701633437504,-0.05878174044986462,0.20976716428768782,-0.08259875758750636,-0.06861738243071908,-0.0350446461222643,-0.09187176684006157,-0.003290895117625113,-0.03823025179613777,0.07775202345595648,0.060452287221662314,-0.050706646421302154,0.13170445628688626,-0.013637603819459741,-0.05654653814527934,-0.11001464905836716,0.061874642929873214,0.14947466696421502,0.02062643518802888,-0.06897353076975254,-0.022663351436803293,0.18709496682530039,0.02122795382345359,0.07031709031987744
diet_grain_dishes_added_fat_24h,-0.030718923008732114,0.10924457340436759,-0.08245994533744284,0.026979092497695197,-0.08345550360739974,-0.04250562272248668,-0.040165795073283043,-0.02018351101809994,0.12160872076579499,0.002585963855161272,0.007629262551228862,0.10656889143231148,-0.052338060659916544,-0.09745834910276674,-0.04762176469845847,0.06054564024737057,0.10336121821324186,-0.04816634700006162,0.03706719723421068,0.03315881824696467,-0.18199800951373363,-0.16200631145191355,-0.06890993534148403,-0.018892744376564848,0.08377384147608916,0.025138782611449213,0.19928771254527777
diet_green_leafy_cabbages_24h,0.23449009872909582,0.10876726012324124,-0.28834803611078874,-0.0352584302689106,-0.16050610002488622,-0.004873137558473413,-0.08175877434180231,0.0030819068958873744,0.1424246869217053,-0.10927929326183627,-0.0451141981020762,-0.07987352957403564,0.04704933113200677,0.026006371370462588,0.020705143640827046,-0.03748952421703193,0.06124861398319181,-0.04491971565745727,0.053499424551373305,0.010987646064711643,-0.0519957689648405,0.08206237949448611,-0.0011402627048799803,0.11704738447769335,-0.06642337590208909,-0.03732945431712297,0.007054572463399106
diet_high_fat_cheese_24h,0.08327530171204753,0.16590063022066895,0.2774791529999689,-0.00357950873641171,0.0918434569114385,0.018551664529288234,-0.14115416522546217,-0.0844105099939676,-0.07199934385350207,-0.06780787878648122,-0.04853409382164079,-0.1758025320804491,0.06358489151343096,0.1444313002609242,-0.08012150022247432,0.02734530020634481,0.011373096001313962,-0.176078012566345,0.0009348546277445288,0.06321383487136722,-0.018645324912374223,0.01045048880342593,0.012209949364193168,-0.047353753946766275,-0.14940213139716169,-0.01975394487334481,-0.055250104474155556
diet_lamb_24h,0.018919179601649384,0.044235509117457966,-0.05102528228119277,-0.02941462154450998,-0.13413630429104337,0.030511516315923866,0.05516973543880958,0.010670474458827885,0.10895614253100873,0.007523026402169952,-0.07707298528142156,-0.033097748933708974,0.1930572142816278,-0.05539147345344996,-0.06523917170043389,0.046679548899165264,-0.09646903367645619,0.0034825733758075354,0.04665528333564482,-0.076003846266302,0.011654849745276585,0.0793496633303696,0.12982260766912093,-0.12035507743257358,0.15542246591472764,0.22226942530791446,0.03556593759162624
diet_legumes_and_pulses_24h,0.09791091885736283,0.047571617638376695,-0.05374293878066884,0.0813650957041256,0.049661911124463325,0.09400470050767919,0.15081780639904288,-0.18151407068424213,-0.07943742110782889,0.23013611552314325,0.004591108862067527,-0.03203834721354548,-0.004205614296194267,-0.10512616434721278,-0.09058248522934625,-0.06430732332495069,0.06690952356476414,0.12670803766098362,0.0010223001217210485,-0.01979986871829808,0.028251842169009368,-0.05472862302248632,0.005760198176163616,0.02075200509453116,-0.03313288840904641,-0.02708372322081703,0.09749561278709673
diet_low_fat_yogurt_24h,0.11743673146332047,-0.13974362417468347,-0.06518007427859072,0.11837568505861565,0.22853446710463576,-0.06928388543100762,-0.05050387412101978,0.08097371493574552,-0.13074603743209487,-0.08024626234046421,0.06195026206433317,0.0264653702602704,-0.009628591406417406,-0.06660338080635786,0.1596025273812875,-0.10077761500587985,-0.013874303315901804,0.05637439883750095,-0.018707711295280465,-0.1602563034709886,-0.054421238545242556,0.04938313371787366,0.14044353359426157,0.029570282041184198,-0.053742108983192906,0.11395957004748483,-0.011972197149187368
diet_medium_and_low_fat_cheese_24h,0.05521601218258087,-0.047397547975748446,0.003186887316255702,0.0884129603182005,0.11537246694361389,-0.12495244192135903,0.013038820774206185,0.0035224829988156937,-0.06794152412825556,-0.08302662384233625,-0.051461057091682444,-0.040474507987167396,0.07733390133908785,-0.14268785607065548,0.17950627678817055,-0.02815633860978381,-0.0036822302767365866,0.1116582622125957,-0.01784115685493564,-0.005362717613257437,0.06636210959689928,0.042767831849413546,-0.08362564625211526,-0.020731472857779962,0.2501996692628028,0.0484654011257965,0.2156275147268632
diet_other_meat_offal_24h,-0.002119083702806807,0.007308857098147751,-0.033294286407884364,-0.03212935435754832,-0.06128957364112954,0.01019916138709356,-0.0799716781869658,-0.036568589852481265,0.03202615007008477,-0.08683073547891053,0.07222314147368446,0.11533058836236923,0.002922683785966995,-0.0011777913999737287,0.049154669593316144,-0.038628061165949586,-0.10056163471704219,-0.04802619136051958,0.1469479479713947,-0.048259350870896944,-0.01583532347626823,0.07513970550195112,0.0298799422858584,-0.05200203101651599,-0.12662420561601,-0.0021714741893005575,0.08816630746374127
diet_muesli_24h,0.06335663722631588,-0.07569774044747585,0.10569855027935904,-0.03588323041511019,0.01466807178892632,0.12691516244855042,-0.2267688165332579,0.0679826649066035,-0.008612480173603314,0.019953992289142797,0.05806622271479198,-0.04357685760483142,0.07859284470998616,0.00612153786745015,-0.25280381716148886,0.2129067040213392,-0.0034785850653735184,-0.14202508678605322,-0.20510671019100166,-0.0929534235301247,-0.11267046069123136,0.028653200572012816,-0.062221089468168206,0.04821893841812353,-0.10212781567500218,-0.0941371686791748,0.10857961754627976
diet_nut_based_spreads_24h,0.05701286473350921,0.07801453218982862,0.13089748661181216,0.08702433628078687,0.019952112076424607,-0.04408367170383419,-0.07660988954848799,-0.06686472666699719,0.10822697334606905,0.014978160655211598,-0.013874102646439374,0.04439168475589525,-0.008607312457592144,0.09947624533401014,0.08559421906372751,-0.05655203667655999,0.008795972554276119,0.09350004127840594,-0.021098139945972157,-0.006393221659869443,-0.002841534722599329,0.013823808564575463,-0.12781040416000858,0.20586405907750616,-0.06887587554616152,-0.015320556794911525,0.07009273442698108
diet_unsalted_nuts_and_seeds_24h,0.12085680376413557,-0.03682669697598385,0.06329500478446157,0.1256343267692413,-0.021205836935955732,0.0992797088029757,-0.18624890546177403,-0.1027448153830716,0.022789496902748577,0.05071700254694805,-0.02753528935340685,0.1258357624769949,0.04510596059388027,0.07098893945322542,0.04887976121674216,-0.04824297647623245,0.11118409832617422,-0.030988774380443937,0.08607279412672642,-0.027036946643889483,-0.15983908632351762,-0.07385818392937343,-0.004310726177806604,0.26728702897392176,0.00040809483090972765,0.03912440880628553,0.008946181593207914
diet_salted_nuts_and_seeds_24h,0.012580489626306595,0.03139925420893208,0.08736486021372865,-0.003136361016729966,-0.07139552297225471,-0.026223176083254578,-0.0552498767440794,-0.0028202333588255245,-0.01039848028163675,0.049215207538351555,0.010740662432319952,-0.1385568250531355,0.1423020787392787,-0.04561217586622202,-0.03965211190078035,-0.018694183059194642,0.051037659069060506,-0.043968679626348,0.07728139605138316,0.10486613787722422,-0.04879427897131272,0.07278656725076516,0.0602545993907475,0.18655477788022695,0.18441892241389,0.2506742403546902,0.07211355891137042
diet_oily_fish_24h,0.0801461438954012,-0.08705245143582828,0.012534947274309864,-0.03780276634570089,0.005626924236410687,0.06001191349622721,-0.05137316080545679,0.1186433451753664,-0.024368507126256725,-0.11742216312094464,-0.22271030263150735,-0.04404896664786465,-0.18327394762421026,-0.0757185469282744,-0.1324871512766482,-0.11202106968646933,0.03784284806154273,0.043350844675220185,0.008286853311698178,0.2994911343250955,-0.09195507623791924,-0.03141859512865662,-0.10092461835741545,-0.07556545977986648,0.014003542333684005,-0.006042855373470685,0.1300195190720117
diet_olive_oil_drizzling_dunking_24h,0.14410047411191806,0.09839587766316986,0.2352680285932019,-0.03596650649473681,-0.0025793196001771984,-0.1086515932459766,-0.03886508571618108,0.02018927112493495,0.09368904048114389,0.003619438617000807,-0.09039417500382221,0.07598007177697873,-0.10940284622655916,-0.051206857882078086,0.17284637049741675,-0.06141422901971609,-0.01813670380686297,-0.0026910428906198464,-0.06375299020837916,-0.10271343735761312,0.11125076353162423,-0.01153606741805735,0.08359802704206243,-0.028997984058679108,-0.07916615867668558,0.06888127109893594,0.0852539486149723
diet_plant_based_spread_lower_fat_24h,0.004080903160681251,-0.003412500810655629,-0.08416325438833963,0.10069682430341434,0.25130999871287324,-0.23541214347417103,-0.041421792660331296,-0.01922795897969431,0.08375328636829306,0.016073070862196222,0.01952511571251489,-0.006989898379962459,0.056324404044415965,-0.14032209582311717,-0.035475046639671555,-0.104677172469296,-0.030098632501665973,0.0837911406591386,-0.025617375337647047,-0.06389676893992391,0.16091043652488568,-0.06526821777927833,-0.2618373492085929,0.11065436569193192,-0.0778819482815254,0.02947826460318717,-0.11743711176217639
diet_plant_based_spread_normal_24h,-0.025570450214905612,0.08509512183974202,-0.006452384353315815,0.04493657657380831,0.16072635545444638,-0.012601464238008073,0.06986497637757004,-0.04402214216212772,-0.0411584148093704,0.0802109543174959,-0.2175537448673852,-0.16972331280396147,-0.20324302786960474,0.2292196338568117,-0.0004630037475966131,0.186006270841201,0.4590650509720854,-0.07851400872650867,-0.001569475530459441,0.03510610182061685,-0.20253275021602404,0.23185898748016284,0.2106531839945075,-0.15950175178576775,0.0699435949420151,0.10731500696108365,0.035988071172386046
diet_white_pasta_and_rice_24h,0.03486048769048859,-0.04293472575892304,0.27510660090104766,-0.0605010994461367,0.03910643160242533,0.02811616287116439,0.28995785650658507,0.05033690073541455,0.23561773518345627,-0.10871616385411792,0.24362492628427018,0.13444483444019117,0.01475513346156355,0.012047147900226693,0.0717340255587531,0.1593192806276008,0.07610899091038259,0.011525521810659412,-0.02097594843296746,0.08345534584233105,-0.10538584349461037,0.1666223131731599,-0.12636652222359804,0.10634527860976206,-0.017137301409440253,-0.10268360546691635,-0.09417667208758403
diet_wholemeal_pasta_brown_rice_and_other_wholegrains_24h,0.09609368439863891,-0.070946536544376,0.03408418745784631,0.05488611238062542,-0.02585987399454571,0.00837813970581509,0.0003516314743335122,-0.07799376159094391,0.04149230661871525,0.16248585896822285,-0.01588735139243591,-0.02056819609242115,-0.03322973882786198,-0.06859114115043373,-0.06560003889954896,-0.08580311463317658,0.0841611470985446,-0.006157307080999652,-0.030076144126827437,0.027749024737102206,0.07336837304056601,-0.1759099656232844,0.06335610372786687,-0.12037375526080156,0.16357952972405246,-0.09524147542900532,-0.10408546919525612
diet_peas_and_sweetcorn_24h,0.11027257324517041,0.11658015334218594,-0.2040322831137689,0.016744244609488076,-0.08512705264217517,0.029951648849371973,-0.09000635965022036,0.01905120959344041,-0.08209308954230769,0.13452000376894208,0.03302298334803381,0.10786617074508696,0.010729251118951264,-0.02403337283191767,0.07407686392547796,0.09590018239174966,-0.047752456920334224,0.0709885533839588,-0.14420767831174724,0.11699461987680464,-0.043110020261280246,0.04153277537267383,0.02480204458666372,0.07159647671820492,0.1395775126196385,0.09644318548097869,-0.1415092367233655
diet_pizza_24h,-0.044277114481514356,-0.014212006119253372,0.11092925332396548,0.007104254584966849,0.012072906247712265,-0.0358953258993702,-0.07806976683216033,-0.03673762313001443,-0.1401103681237797,0.016844710326920077,-0.022930109513402113,-0.06509793015262506,0.08261275407607731,0.06089948213665321,-0.027821803815648777,-0.059727613194668336,-0.03551564478088881,-0.22894907308126983,-0.0018161293860196118,0.10945305556433253,0.045407883547291424,-0.17909033924357215,-0.06987387666132959,-0.06787813186805468,-0.29657989251111727,0.19779160308096383,-0.0247764586911339
diet_pork_24h,0.015365202129513185,0.0976637616097535,-0.13537728975887592,-0.08426353135006685,-0.10425639583584882,-0.02306227601439839,-0.06087734454060045,0.0403911461028114,0.04244919119940339,-0.08289185035618682,-0.07222764459424831,0.003278348063967443,-0.013461794761779139,-0.03046894361684305,0.002420530761794437,-0.05790580879279182,0.10592181306505459,-0.048927191085004235,-0.018780484438073272,-0.17350807935474494,-0.05937374064839205,0.2398719498875493,-0.27127316616949015,0.0861956354902659,-0.13748473387532945,-0.13848639750208508,-0.000569200466966728
diet_potatoes_and_sweet_potatoes_baked_boiled_24h,0.14420638482214573,0.0645155158351892,-0.2039285258946194,0.0010427813622336133,0.0023206213223371506,-0.03992649301110374,-0.026487249347415403,0.14185906412805335,-0.014791548613198846,-0.12666213379041077,-0.27093752491759576,-0.13891898953452753,0.049070248347466316,0.13003767785487613,-0.10355485719877958,0.020064761661091658,0.028879780019789997,-0.06942570080806691,-0.08635980335361729,-0.17019674339523563,0.05052634087027194,-0.09592741763790309,-0.06271275311727141,0.20286908172877255,0.051746688824000936,0.17507792379391404,-0.019934706873958243
diet_fried_roast_potatoes_24h,-0.03857783181934403,0.18675724192976995,-0.17356876637510182,-0.03725932453830624,-0.13241752833236203,-0.04719635989212662,-0.13123204406013972,-0.08752827530151994,-0.12275508357309556,0.2825786582962765,0.09219584190835713,0.14483126946353672,0.031709090374482954,-0.1428864830575574,0.19861870634234383,0.18020151747772348,0.08889125546637223,-0.05786342084953511,0.0720598326216618,0.07855012761335264,0.19274017179187583,0.12764048712775988,-0.0263273543640767,-0.025551328844968746,-0.09649470839876298,-0.12478099029408612,0.13231819684856055
diet_mashed_potatoes_24h,-0.004066990837352454,0.15687426813343258,-0.15488168262434365,0.011713577290879476,-0.02474706688561264,0.06519428364552865,-0.08856897989524191,-0.12982250993731942,0.09538381841774866,-0.0797714433347374,0.10942470763472274,-0.04769332169542151,-0.1149407247804327,-0.03841571622755146,-0.08842310503227688,-0.21500323405111982,-0.16134079856718211,0.17095555051718608,-0.08633579659674248,0.06771040468515076,-0.18653554877522316,-0.06269519530500928,0.16896217039172487,-0.18712028655427773,0.03971345325198787,0.057586816217738604,-0.12244656308017995
diet_poultry_24h,0.013440268848090629,-0.05219992429019464,-0.03078545921743511,-0.011065259133440452,-0.0037205122353958136,-0.14218246962484474,0.12589130763240797,0.21168991874469836,0.0967362218130308,-0.02786045458822373,-0.06261005427342431,0.04101316074119009,0.24659466792931728,0.2797924098255916,0.10888789097699283,0.20333286327305128,0.014346131745410308,0.07721510196473957,0.10380554893222134,0.05272733592329135,0.10334023079330308,-0.07673569562371191,0.15718559715243025,0.17409003350519486,0.023168790603051326,-0.16088290927373958,-0.1697309051464514
diet_processed_meat_24h,0.016781593142261877,0.17206037490635553,-0.004403686060102454,-0.008581419446554255,0.08139560087862917,-0.06273821068830221,-0.0509358870239019,-0.13666576407875272,-0.20837206514383333,-0.03137977195424288,0.03811140363353602,0.031168784679974085,-0.1357384129276023,0.0994632401765976,-0.23892807978851552,-0.052384704773652147,-0.021334101652493748,0.1589915173514826,0.29586989662841534,-0.07670462804497444,0.07783139791053917,0.043576825070326834,0.1148915593919809,0.0027046215187537387,0.047152422969087976,-0.006128240828660106,-0.0849911518805156
diet_raw_salad_24h,0.29246719757503226,0.03127042877715232,0.09733559829615751,-0.1145050181879031,0.06743178728320214,-0.04273699564668943,0.06817733066000475,0.1279627316376085,-0.18780198944471072,0.051650659544624264,-0.019249861194007446,0.057853762620637225,-0.0671564839538687,0.03891005269979004,0.00372901532497133,0.0384770464362734,-0.08025138715625342,0.003016419867663843,-0.023739656960280638,0.004480869370901429,0.12167981416545176,-0.13567132312639962,-0.06789494225589753,-0.07718832370131141,-0.027302950972591285,0.03157295703530993,0.12758315017649158
diet_rice_oat_milk_24h,0.012816113557399351,-0.03995496090917285,0.019228505705746513,-0.004064390947616993,-0.0530947423370754,-0.00485547827871777,0.025252011875231843,-0.06281671416108836,-0.00648476891526263,0.08684639494291055,-0.0027013195500267873,0.014870165639958188,-0.05926362545348889,-0.018216711301407642,0.024832138698113626,-0.08315645567020871,-0.04586467443102324,-0.08055211041304496,0.09852277963663186,-0.035134371974699284,0.011740037587073381,-0.09686438484166451,-0.034751562192812,-0.05232311784841159,0.1587616341256394,-0.032878477913171195,-0.07913988042203818
diet_root_vegetables_24h,0.29743825559670434,0.16595394533854754,-0.2910100652966546,-0.034602946688388,-0.06667282938471812,-0.012445056124657463,-0.0034727353397130175,0.00462862859484373,0.07538130748795266,-0.06205409314793789,0.018223424213155644,-0.13496525519680996,0.07798155293948472,-0.001964799705278495,0.04256604249146245,-0.03683558818300703,0.010435714560370464,-0.0383640559328281,0.0077900074482320225,0.027514904524472736,0.001143758189917743,0.047538371675014235,0.030943387861141536,0.00175765289949295,-0.05708813301509953,-0.07779947224745855,0.0034143867480018464
diet_low_non_sugar_sugar_sweetened_beverages_24h,-0.011519739335473811,0.022039715585263953,-0.017671146092627925,0.131372478224847,0.030657934745275544,-0.29643303764318624,0.008137985234033859,0.11859061080022762,-0.1412961081875446,-0.05833277115546946,0.08968093120049918,-0.05331080139714876,-0.013912111853684486,-0.0910693431009143,-0.050654094718361777,-0.08149198002703795,0.010138401949179462,-0.04594291395795212,0.09591376517708868,0.02827944721383796,-0.054420658436966265,-0.11172696503104847,-0.04032975218866039,-0.024196752256005358,-0.10434034718453426,0.0317465377412367,0.03307666126281861
diet_sugar_sweetened_beverages_and_other_sugary_drinks_24h,-0.004752374406105609,0.08056175108216242,0.003980942266384774,0.3052917465156031,-0.1898418381092091,-0.06867287356006582,0.004856989108041296,0.17342203460966069,-0.07255059063217613,-0.0615557846735499,0.12930650839033517,0.041946732906901846,0.020791282739147248,-0.07686477530316813,-0.12066045969355407,-0.023209996533750894,0.13777918740848016,-0.03434856049349527,-0.02082124729994153,0.12382859028397394,0.0805494387288368,-0.010391050307521243,0.014462918088857392,-0.003952123885784822,-0.03382674649793675,0.007513900540883314,-0.07236263530874659
diet_samosa_pakora_24h,-0.0013328197525475066,0.00028166419113913663,0.06166233350234213,0.07370543266714956,-0.05081462264284574,-0.03780274421086401,0.14701359967855046,0.09760166341956386,0.08242688580230495,0.19244844370834274,-0.10804458609995725,-0.001616267313144494,0.24467761589201678,-0.0912083520981445,-0.13420663788329965,0.0582306288064473,-0.015063783612377118,0.08011496416191488,0.11957275274106641,-0.05523242059450616,-0.1557060422216522,-0.017623619711030176,-0.048318348946724765,-0.147457924774949,-0.009461082138606386,0.17775384209966996,0.15636150933494317
diet_sauces_and_condiments_high_fat_24h,0.07218838527765777,0.25845680505688107,0.013518634671625283,-0.05771428045579972,-0.026466912959572358,-0.2011795592208485,-0.18070356245176702,0.12568564448746627,0.18406444547659961,-0.05252149816553311,-0.03769385749878833,0.12034586986563775,-0.10848871720745853,0.05456089276844997,0.059092160623752076,-0.011265609121342546,0.009177876651953298,0.05643219251120761,-0.03630982321049102,-0.060572527902477295,0.0688808780303525,0.05192886313142833,0.024378165667428488,-0.05110477545410348,0.08302376116097475,0.06765478785626289,0.03984406275905054
diet_sauces_and_condiments_low_fat_24h,0.11711636843096816,0.14154619268586016,0.3232238168503166,0.02734796212905181,0.08190600537360004,-0.12642039145268616,0.05579673351024523,-0.03318800132651905,0.16647001153043303,0.06626197105992601,0.1308999553375828,0.08033510800063234,-0.05568046048142161,-0.03611932141498271,0.06182702663448536,0.02170160412053103,0.06715972959835721,-0.03080792508405759,-0.035026959661874114,0.05790722729301047,0.021805554350533163,0.07127881349136346,-0.004341345588929041,0.035876705461879106,0.04642516284854839,0.031035633487909123,-0.07498641753312502
diet_semi_skimmed_milk_24h,-0.06434210808824845,0.20146427509646025,-0.022688207649367426,0.010045174371496284,0.30277203991076607,0.36137213828924925,-0.1317932117413829,0.39027835143900175,0.10608474896847644,0.1010750457032033,0.14554204050774053,-0.14451242717075471,-0.0386011747017426,-0.09475598680248726,0.10008441331430554,-0.009032173034832891,0.05090134947870792,0.03280222923272505,0.12769842194201933,-0.003911570577820753,0.08708756162175967,-0.014319538998965934,-0.01758657410953446,-0.004380092227710644,-0.033009731536342506,0.0457816618906525,0.0175347715454698
diet_shellfish_24h,0.039938572934800486,0.014995003883554093,0.12102701323237135,-0.06955826416783929,-0.08285497185647754,-0.04307860759801532,0.02537545946870588,0.15448749292951816,-0.04175035480477595,-0.028647451977700123,-0.08750791081693397,0.16584128375244556,-0.10187151759916979,-0.09659123256545521,-0.058011236219019824,-0.028295054806133813,-0.07237376815327169,0.06975106970586606,0.08265311483551663,0.2024913392096631,-0.09536154095807464,0.25127636393592445,-0.0890982935927647,0.03879556594389737,-0.04877394633677781,0.09525162466981008,-0.08707319378156285
diet_skimmed_milk_and_cholesterol_lowering_milk_24h,0.05398952119623874,-0.12068950951787691,-0.11385100592245835,-0.0005413916003158089,0.12451535994475284,-0.36024395537627807,0.0748368605294128,-0.23064024701574554,-0.11560754714112452,-0.12093562311959506,-0.02688220904607484,0.2742125859487682,0.11994901218545129,0.07945418990088399,-0.025880492331527123,0.060790281978494815,-0.03398849518174621,-0.02512424227073559,-0.1079594161157477,0.07749380524463849,-0.153793822906184,0.0697557937688504,0.045124823169282985,-0.09932374458443455,-0.04117100437862328,-0.012284965602111713,0.0712553573453524
diet_savoury_snacks_24h,-0.03562593648315769,0.1478370917775444,0.06917525534563965,0.06618885698676688,-0.01173564789546004,-0.2112539572713821,-0.08623917520667093,-0.02672331916637161,-0.10470249740511192,0.12194651604201555,-0.06302005173135536,-0.06672219756743508,0.15083758994735028,-0.025992701151577202,-0.004136323619574084,-0.051730803364702815,-0.07204820049336227,-0.094321864145792,0.027425433453228815,0.12910488393832362,-0.09116785062293468,0.06867264950163991,-0.06924268022849911,0.06115598812419941,0.1740743683880134,-0.016853216221850376,-0.12365147912580794
diet_soups_24h,0.04522667021793964,-0.074401883376463,0.005297231995754148,0.08968666321575668,-0.011305214563757817,0.060394828697998185,-0.00953866689279917,-0.10731584339020911,0.0948096767827115,-0.1427401105476845,0.011500874655987151,-0.1439933429528709,0.0848466553847349,-0.13592740396978376,0.13540294313085413,-0.08003739431938901,-0.04469732256175724,-0.03355144739427962,0.05789418741202938,0.003635592741569096,0.06553205363428857,0.13764263451993666,0.08370501228088693,-0.15865018319169125,-0.08001098000527218,-0.1764478327282462,0.15758851985035552
diet_soy_milk_24h,0.06202655559726955,-0.11484469561810814,0.015518295131654246,0.09202066932439408,-0.0990323690561895,-0.02860977727400729,0.013666658395791708,-0.08885530486614121,0.045294645375338706,0.14639187370544302,-0.16019946655869996,-0.12160152130608134,-0.11066279672156835,0.047195336467976017,-0.042850698452453734,-0.11003900131230343,0.017245112933859684,-0.1603110008882307,-0.17588999999763852,-0.1103236901328493,0.07591023629080534,-0.01149909434161249,-0.009309481217227064,0.01461077884690808,-0.09151670211602797,0.025037270944283277,-0.19936880162407733
diet_meat_substitutes_soy_24h,0.07516055276731758,-0.045497162934877655,-0.007701750426402164,0.01742521346913573,-0.07025017437039192,0.06813636756815837,0.09811580090112051,-0.04531823740436475,0.03417597076082804,0.1578445358078559,-0.023176116434766483,-0.07131655650692578,-0.10041758121114397,-0.10651151893474377,-0.03968476006779384,-0.14349477445158806,0.09352724920687651,-0.07176014965279745,-0.014479164912703589,0.10384169853597697,-0.16720251289680077,-0.13375170480799337,-0.05840466082527261,0.1573827407417631,0.07550546539649608,-0.0837518507339648,0.03246005683655734
diet_spirits_24h,-0.0065076766180896676,0.05727984242107938,0.037508667514477165,-0.007442167289558329,-0.047799353266263486,-0.11987290037456771,-0.06372741801811645,0.0006190842122190514,-0.028420393591233356,0.002548443055135935,0.09418953652699137,0.04064869196847549,0.0661670212194181,-0.13487434345055144,-0.17348753612333923,-0.12458136821733283,0.13354353605795183,-0.05365921509071111,0.09113294043082107,0.05618104117165196,0.22885777948885186,0.08905765061331694,0.03859874210151866,0.07749047940052808,-0.09070785271857451,0.06646146581532843,-0.07554720699409267
diet_sushi_24h,0.006204671475358528,-0.06042277224398022,0.01796852729347761,-0.04468881934444234,-0.037860174648696905,0.03563984987069437,0.007679426147368156,0.11906923209640015,-0.02189409314817492,-0.07276638932420679,-0.14037408608270688,0.03338780124936395,-0.128231038400964,-0.13836629124001135,0.009225641369487642,-0.1187846721589304,0.0031026789858506765,0.05837093450040945,0.05245836122814018,0.35546079114714224,-0.16827804131313212,-0.0019240558555183862,-0.1544270727833536,-0.010887515957546168,-0.07286287241315603,0.00032634914891475214,0.13828768806800892
diet_other_sweets_24h,-0.0021123945337260283,0.08724771925210069,0.013620623466708639,0.14690626457781772,0.025488645536394242,-0.05293479886155806,-0.013701554080114283,0.027816861163351064,-0.06177767912423197,-0.05897864365908208,-0.01580917284703867,-0.048849915114440284,0.00940220358304518,-0.10315073718549325,-0.05057922845291526,0.007339239796145397,-0.11172261424397936,-0.0662328588725607,0.2360354811292633,0.1077251854196069,-0.10187446126805788,0.07645229781005637,0.018585271102021024,0.08009353386252907,0.07221282237359371,-0.11231239814581519,-0.16012966879888602
diet_tea_24h,-0.03325840872389263,0.20491855098072842,-0.10200309543662232,-0.0009860732334380248,0.37848752635325544,0.21176656062851823,0.13641499073713714,-0.05533785472908522,0.058231985008386056,0.0027912714384121795,-0.2031844281107293,0.33323830420236256,0.1343906271900123,-0.04530654313089172,-0.0805196687653964,-0.18047602841677274,-0.04586186748390125,-0.23263259611963988,-0.08397215872958316,0.011913756837248463,-0.006140049490618818,0.10467802310082515,0.046358201809628206,0.015157055763304884,-0.047792640357287544,0.012648712996720934,-0.01706689900742151
diet_tea_decaffeinated_24h,0.08306730417978028,-0.13872951865921887,-0.011516477057720246,0.17448636934361902,-0.14499182251801718,-0.07091266158200737,-0.09633225418880974,-0.059384183541606905,0.10887031385256071,0.06017983979509959,0.1213354675617005,-0.18066533349838818,-0.19453100192489575,0.22002834150810302,0.020005640719987894,0.10723072788272117,-0.11023698725821526,0.07630314543811623,0.006688681667764022,0.012143736823636384,0.14126299592287744,0.06982236622742231,-0.06459505755528103,-0.06270350935270078,0.038983882307237164,0.06620987332266384,0.1893547600395933
diet_tomatoes_24h,0.2982315337337606,0.07350140761069868,0.10861071756859303,-0.09184128052630974,0.1427164958770617,0.020653164955145277,0.14224887175883263,-0.007783416755892355,-0.16210059905864144,0.06206901080332845,0.11333696020506989,0.018522683090321304,-0.03438846640292833,0.059635736759434024,-0.07917809831397203,0.08075901646860842,-0.06687792676716894,0.056620556632035676,-0.040843727211653746,0.03889655793074068,0.06795621189229037,-0.06781766383172566,-0.061595975113316465,-0.0697812833365809,0.0267706866785755,-0.0197278801791999,0.013736372552736603
diet_vegetable_dips_24h,0.1095208374622684,0.034946287852970236,0.19109090835561487,0.019995160281295946,0.018619341154999258,-0.1353497380909754,-0.10706014308895558,-0.025375549381558705,0.1400889272414068,0.16733571196165328,-0.11831415864410288,-0.020219395257800768,-0.024754859515908147,-0.09042772211391921,0.05802616026276655,-0.14080765969125256,-0.07928823815045519,-0.01450617714178968,-0.06183257302962345,-0.08082655248826542,-0.05772805493307374,0.1286948722956292,0.13677898571497588,0.02704801054111139,-0.0033955368630249104,-0.07941645221532972,0.05408020219776215
diet_meat_substitutes_vegetarian_24h,0.08672371941207624,-0.008135917569720895,0.014398127862986696,0.13203656971655708,0.021009635129909953,0.007375529968079572,0.0293169447707347,-0.12658485634327266,0.08096730447448683,0.29194628256175686,0.010937871180596099,-0.12498220978780679,0.09021268385314807,-0.09024775482915016,0.014658597601351027,-0.05101311136764439,0.002313232262064653,0.09262497861820979,-0.08656044928777318,-0.07865836906974819,-0.2121809184927267,0.018619131091142493,0.018124280301842294,0.009703476826524934,-0.17905508824747382,-0.11452013714802368,0.09392429898410817
diet_other_vegetables_including_mushrooms_fruiting_and_mixed_vegetables_24h,0.3839393073773494,0.08960525561970885,-0.07346534743401484,-0.09483692481541933,-0.033387433810328555,0.03234254893458229,0.18009444674898725,0.005609466244569185,-0.026300844742500017,0.07336876401526513,0.06491558102212289,-0.06540596321386702,0.029433280510369912,-0.02807962867524156,-0.010243632508301018,0.004723455166012455,0.007094052547909069,-0.008624933000109823,-0.044857466743757235,0.09573986901019974,0.00043084295247844406,-0.021768074296840034,-0.032182628218351564,-0.03429275410467071,-0.026723575685399986,-0.03839656593238591,-0.05051193363688264
diet_vegetable_side_dishes_24h,0.08259144542448575,0.06964451438762564,0.006246053044715876,-0.016046724015975112,0.08777520877055456,-0.05974882165936958,-0.010561585129532317,0.08518899563004013,-0.13825441004224892,-0.05427119337628719,-0.051617467024247445,0.019589624361002696,0.04667139137235907,0.04357426445611806,-0.0397516052534503,0.09471593030385815,0.035150438032112485,-0.16306353042630478,-0.04979673626543262,-0.002705501081684686,0.10925427480744551,-0.1784674643914648,-0.1901504029975071,-0.11999631484487534,0.02541970629272914,-0.0014848939789712245,0.15152664511775818
diet_water_still_and_sparkling_24h,0.17122951360170507,-0.21558455523251413,0.09969607532232297,-0.0509198761683308,-0.15091651895671845,0.11992021768883099,0.00023625737674396006,0.05006604539427395,-0.0517792174080743,0.05709461267896736,-0.0567261951594419,0.04692530229787876,-0.048612898380716384,-0.034856190202923264,0.017930193106761416,-0.01237852833181869,-0.11461612794889639,0.057314046774601765,0.10875759644259579,-0.021873347413994937,-0.010398186190640035,0.0631583986591952,0.03519687511143187,0.08533330245785886,0.04968753468263718,0.024890918324539893,-0.021924898537823683
diet_white_fish_and_tinned_tuna_24h,0.04920334287398777,-0.017462505690088583,-0.007027133363125339,-0.00033213610371864106,-0.037965569275033716,0.060039727783246864,-0.09381137772477642,0.10656587585661852,-0.0488890055105238,0.027941868058792604,-0.07251710520801047,0.08618599817949557,-0.14772598640366907,-0.00017468383347919378,0.1945066145006361,-0.01569202476317312,-0.10289183848370095,0.1566392892009295,-0.2326738682115928,0.1012250641359404,0.03578634629454129,0.05366540740996839,-0.003983369786544427,-0.061626331650042415,-0.013858529435533777,0.25947493154597057,-0.21467802483453724
diet_whole_milk_24h,-0.01710725640362794,0.07615843966435987,0.05955396109256981,0.1870393153985043,-0.24413879667116217,0.05502696985703003,0.15944802174358297,-0.16185252051536567,-0.11162246267433937,-0.22736207855393772,-0.12796118923431776,0.13434557652706236,0.07632230613212984,-0.04224707632231775,-0.044909196671809995,0.08666017277286431,-0.016985492039463007,0.03867159070447129,-0.256231026548318,-0.043823968999978175,0.0002854912738967999,-0.050686123327986166,-0.0054958546030906144,0.06669299680698004,0.08855235705890696,-0.04413317561215669,0.03700744673653857
diet_fortified_wine_24h,0.000931222170129124,0.020007697039271372,0.0005034618895933366,0.00425307600517196,-0.007087329059508534,-0.01084966976633124,-0.07671799299146954,-0.006361480366470797,-0.04546150224390262,-0.05633834923018581,-0.024880426766669777,0.03943005549609795,0.003110294252440711,-0.006866494738248241,-0.0494737209175187,0.01731917829524056,-0.016190078013853762,-0.08987098616395209,-0.015745646973424822,0.05297126390385348,0.058114357277307065,-0.03303288420467368,0.04697737516295622,-0.2826061085012892,-0.0541888419650899,0.021844221313457944,0.0654546639346491
diet_red_wine_24h,0.03275968972280966,0.03859931320756046,0.07333160766207872,-0.2398127643170938,-0.11566768529566128,-0.04045500385968239,-0.13170927341663216,-0.0670816954160242,0.05970119039739846,-0.03220773954049029,0.08683817928036974,-0.018082763974808184,0.12783763999906797,-0.12259884943061626,-0.06892419009523391,0.024899402162271614,-0.0022050895498687967,-0.11206541102676605,0.07935564196806198,0.018579314745374886,0.09469638598494175,0.05112444363227671,0.21037559564793765,-0.056081614210625505,-0.07376103691531759,0.20703797864982698,-0.14829987430417307
diet_white_wine_24h,0.017915214028352805,0.01649131756908033,0.051485674404704654,-0.1951508800506755,-0.06473639979561131,-0.07909465435345324,-0.05772465244787045,0.15780196018228862,-0.008561897451409589,0.013487483445663792,-0.1955451267515323,0.039854402014626006,-0.03863275808169524,-0.03322702965056239,0.0022968359404319516,0.005239897434214751,-0.053395208258139315,0.16040029861353128,0.00114411113458162,0.06269249216014847,-0.06334438032843472,-0.007556685873861338,0.08467588691309513,-0.07584283987231123,-0.017639963971326486,-0.2516970550958872,-0.004337712257868873
diet_cream_24h,0.045308510366633296,0.15802553725453838,0.11998053267943389,-0.023259019394944052,-0.08806539797197993,-0.0942973208101301,-0.07395989076545822,0.03286831345925655,0.15642143921292617,-0.04634699590880674,-0.12791127827589335,0.1581046797945705,-0.06036088365752001,0.01659700955696743,0.02128597104085468,-0.03577681493792814,-0.016832154583854786,0.0059893289053106254,0.02736344223595752,-0.18242078472479092,-0.024036864743944782,-0.10686023742322859,0.07570406195703169,-0.06990963351813208,0.057904787689376264,-0.0005285569074172831,0.12273205140306992
